[{"_id":"54ef45e2e05fe60300cff9e6","__v":0,"review":false,"reviewed":"2015-03-08T06:15:44.276Z","items":[{"word":"ADMONISH","pronunciation":"ad MON ish","definition":"to reprove","keys":"ADD MONEY","link":"When the coach <u>added money</u> to the college player's account, the NCAA officials <u>reproved</u> him.","_id":"54f16ffae3e2830300d9b504","incorrect":0,"correct":19},{"word":"APOGEE","pronunciation":"AP uh jee","definition":"highest point","keys":"APOLOGY","link":"It is false humility to <u>apologize</u> to those you surpassed when you reach the <u>highest point</u> of your career.","_id":"54f47d1831a3130300aae87e","incorrect":1,"correct":36},{"word":"EMOLLIENT","pronunciation":"eh MAHL yunt","definition":"soothing to the skin","keys":"A MOLE LENT","link":"<u>A mole</u> on Helen's cheek irritated her face, so Georgia <u>lent</u> her a lotion to <u>sooth her skin</u>.","_id":"5506d63b180a0303000546df","incorrect":0,"correct":6},{"word":"ANDIRON","pronunciation":"AN die urn","definition":"metal support for fireplace logs","keys":"AND IRON","link":"Steel <u>and iron</u> are used to <u>support fireplace logs</u>","_id":"54f47abf31a3130300aae87b","incorrect":0,"correct":24},{"word":"AFFABLE","pronunciation":"AF uh bul","definition":"cordial","keys":"AFTER ABLE","link":"Only <u>after</u> winning the election was the senator <u>able</u> to be <u>cordial</u> to his opponent.","_id":"54f17186e3e2830300d9b50b","incorrect":1,"correct":22}],"score":1,"created":"2015-02-26T16:12:18.875Z"},{"_id":"54f08ca547049403004053b7","__v":1,"review":false,"reviewed":"2016-01-30T05:03:13.531Z","items":[{"word":"ASSUAGE","pronunciation":"uh SWAJ","definition":"ease","keys":"A SUEDE","link":"Biff wore <u>a suede</u> leather jacket to <u>ease</u> the effects of the icy wind.","_id":"54f6971800ed35030063cf9c","incorrect":2,"correct":23},{"word":"DISPASSIONATE","pronunciation":"dis PASH uh net","definition":"objective","keys":"THIS PASSIONATE","link":"<u>This passionate</u> groom could never be <u>objective</u> about his bride.","_id":"550aa556b6491503006ab898","incorrect":0,"correct":9},{"word":"BELIE","pronunciation":"beh LIE","definition":"to prove something false","keys":"BE LIE","link":"If what you say <u>be a lie</u>, I will <u>prove it false</u>.","_id":"54f947ac2c6fa00300b84e51","incorrect":0,"correct":19},{"word":"AMIABLE","pronunciation":"AY mee uh bul","definition":"agreeable, likeable","keys":"AIM ABLE","link":"Vickie's <u>aim</u> is to give as much help as she is <u>able</u>. She is a <u>likeable</u> person.","_id":"54f35ea945d3a203005fca75","incorrect":1,"correct":29},{"word":"LAMPOON","pronunciation":"lam POON","definition":"satire","keys":"LAMP ON","link":"The comedians put a <u>lamp on</u> his head to do a <u>satire</u> of <u>Flash of Genius</u>.","_id":"55119b1b10138c0300665327","incorrect":1,"correct":6}],"score":0.96,"created":"2015-02-27T15:26:29.923Z"},{"_id":"54f16ffae3e2830300d9b502","__v":2,"review":false,"reviewed":"2016-02-02T19:00:08.351Z","items":[{"word":"ASSIDUOUS","pronunciation":"uh sij oo us","definition":"diligent","keys":"ON SIDE YOU US","link":"A person we would want working <u>on</u> the <u>side</u> of <u>you</u> and <u>us</u> would have to be <u>diligent</u>.","_id":"54f6971800ed35030063cf9d","incorrect":2,"correct":19},{"word":"AMORPHOUS","pronunciation":"uh MOR fus","definition":"shapeless","keys":"MORE FOR US","link":"Our mother dished out so much <u>more for us</u> than we needed that we became <u>shapeless</u> blobs.","_id":"54f35ea945d3a203005fca73","incorrect":1,"correct":32}],"score":0.94,"created":"2015-02-28T07:36:26.976Z"},{"_id":"54f08ea547049403004053bd","__v":2,"review":false,"reviewed":"2016-02-02T19:11:17.360Z","items":[{"word":"AGHAST","pronunciation":"uh GAST","definition":"horror struck","keys":"A GUEST","link":"<u>A guest</u> in the Bates Motel would be <u>horror struck</u> to know that ghastly murders had occurred there.","_id":"54f17303e3e2830300d9b511","incorrect":2,"correct":16}],"score":0.89,"created":"2015-02-27T15:35:01.957Z"},{"_id":"54f17303e3e2830300d9b50e","__v":3,"review":false,"reviewed":"2016-02-02T18:50:10.055Z","items":[{"word":"ASPERSION","pronunciation":"uh SPUR zhun","definition":"slanderous remark","keys":"A SPUR SHUN","link":"<u>A</u> fancy movie cowboy with silver <u>spurs</u> was <u>shunned</u> by the real cowpokes and <u>slanderous remarks</u> were made about him.","_id":"54f6946c00ed35030063cf96","incorrect":3,"correct":17}],"score":0.85,"created":"2015-02-28T07:49:23.251Z"},{"_id":"54f090df47049403004053c3","__v":2,"review":false,"reviewed":"2016-02-02T19:15:02.813Z","items":[{"word":"STRIDENT","pronunciation":"STRY dunt","definition":"shrill","keys":"STRIDE DENT","link":"When his clumsy <u>stride</u> on the dance floor made a <u>dent</u> in the lady's foot, she let out a <u>shrill</u> scream.","_id":"5509f9e79cd1ef03000a2eb6","incorrect":1,"correct":12},{"word":"BERATE","pronunciation":"beh RATE","definition":"scold strongly","keys":"BEER ATE","link":"When Tubby drank all the <u>beer</u> and <u>ate</u> all the food intended for guests, his mother <u>scolded</u> him <u>strongly</u>.","_id":"54f947ac2c6fa00300b84e4d","incorrect":3,"correct":17}],"score":0.88,"created":"2015-02-27T15:44:31.625Z"},{"_id":"54f47d1831a3130300aae87d","__v":2,"review":false,"reviewed":"2016-02-02T19:22:46.867Z","items":[{"word":"BEATIFIC","pronunciation":"be uh TIF ik","definition":"blissful","keys":"BEAT EFFECT","link":"The <u>beat</u> of the exotic music had the strange <u>effect</u> of throwing the audience into a <u>blissful</u> state of ecstasy.","_id":"54f943ce2c6fa00300b84e41","incorrect":2,"correct":18},{"word":"ACETIC","pronunciation":"uh SEE tik","definition":"vinegary","keys":"A SEAT IKKY","link":"<u>A seat</u> at the <u>Ikky</u> restaurant is always available, as the wine tastes like <u>vinegar</u>.","_id":"54f08ea547049403004053c0","incorrect":2,"correct":29}],"score":0.92,"created":"2015-03-02T15:09:12.397Z"},{"_id":"54f47abf31a3130300aae877","__v":1,"review":false,"reviewed":"2016-02-01T23:28:18.516Z","items":[{"word":"DIFFUSE","pronunciation":"dif YOOZ","definition":"spread out","keys":"THE FUSE","link":"When <u>the fuse</u> was replaced, the light <u>spread out</u> in all directions.","_id":"54fba81a8916820300a6f6c4","incorrect":1,"correct":13},{"word":"EMPHATIC","pronunciation":"em FAT ik","definition":"forceful","keys":"HIM FAT IKKY","link":"When his pupils called <u>him</u> a <u>fat ikky</u> slob, the principal's reaction was <u>forceful</u>, to say the least.","_id":"5506d63b180a0303000546de","incorrect":1,"correct":8},{"word":"CAPTIOUS","pronunciation":"KAP shus","definition":"inclined to find fault","keys":"CAPTURE US","link":"The dictator tried to <u>capture us</u> because we <u>found fault</u> with his rule.","_id":"5505bb39ab4afc03003b233a","incorrect":0,"correct":9},{"word":"FRESHET","pronunciation":"FRESH ut","definition":"an overflow of a stream caused by rain or melting snow","keys":"FRESH ET","link":"The <u>fresh</u> fish were <u>et</u> up quickly after they were washed up in the <u>overflow</u>.","_id":"55018c5c6c0c810300612e1f","incorrect":1,"correct":11},{"word":"ACRID","pronunciation":"AK rid","definition":"sharp, bitter to taste or smell","keys":"ACT CRIED","link":"The children <u>acted</u> nauseated and <u>cried</u> when given the <u>bitter</u> medicine.","_id":"54f090df47049403004053c8","incorrect":2,"correct":47}],"score":0.95,"created":"2015-03-02T14:59:11.512Z"},{"_id":"54f5d3308a91e6030097f1b9","__v":2,"review":true,"reviewed":"2016-02-02T19:24:13.282Z","items":[{"word":"OBSEQUIOUS","pronunciation":"ob SEE quee us","definition":"servile, fawning","keys":"OBSESE SEEK US","link":"When we were children, our father owned a candy store and our <u>obese</u> friends would <u>seek us</u> out and be <u>servile</u> and <u>fawning</u>.","_id":"54fda6f6dab65b030066e3eb","incorrect":3,"correct":27}],"score":0.9,"created":"2015-03-03T15:28:48.294Z"},{"_id":"54f35c2c45d3a203005fca6c","__v":1,"review":false,"reviewed":"2016-01-31T21:17:33.257Z","items":[{"word":"ABORTIVE","pronunciation":"uh BORT iv","definition":"terminated prematurely","keys":"ABORTION","link":"In an <u>abortion</u>, pregnancy is <u>terminated prematurely</u>.","_id":"54ef479ae05fe60300cff9ef","incorrect":0,"correct":16},{"word":"ACRIMONOUS","pronunciation":"AK ruh MOH nee us","definition":"angry, harsh","keys":"ACRE MONEY","link":"Whenever anyone came near his <u>acre</u> of <u>money</u> trees, the miser would assail them with <u>angry, harsh</u> language.","_id":"54f090df47049403004053c7","incorrect":2,"correct":44},{"word":"ARIA","pronunciation":"AIR ud","definition":"dry","keys":"ARRID","link":"<u>Arrid</u> deodorant keeps you <u>dry</u>.","_id":"54f5d3308a91e6030097f1bc","incorrect":0,"correct":20},{"word":"EFFUSIVE","pronunciation":"eh FLOO siv","definition":"unrestrained in emotional expression","keys":"A FUSE IF","link":"He'll blow <u>a fuse if</u> you provoke him, and then he'll really be <u>unrestrained in expressing his emotions</u>.","_id":"54fba9498916820300a6f6c8","incorrect":0,"correct":14},{"word":"FROND","pronunciation":"FROND","definition":"leaf of a fern","keys":"FRIEND","link":"Her <u>friend</u> watered the <u>leaves of the fern</u> when she was on vacation.","_id":"55018c5c6c0c810300612e1c","incorrect":0,"correct":15}],"score":0.98,"created":"2015-03-01T18:36:28.587Z"},{"_id":"54f6946c00ed35030063cf92","__v":0,"review":false,"reviewed":"2015-03-08T06:15:44.484Z","items":[{"word":"AGGRIEVE","pronunciation":"uh GREEV","definition":"to offend","keys":"A GRIEVE","link":"The gangster will make your wife into <u>a grieving</u> widow if you <u>offend</u> him.","_id":"54f17303e3e2830300d9b512","incorrect":0,"correct":15},{"word":"ACCOUTRE","pronunciation":"uh KOOT ur","definition":"equip","keys":"A SCOOTER","link":"<u>A scooter</u> owned by the rich kid was <u>equipped</u> with all options, including air conditioning and power windows.","_id":"54f08ca547049403004053b8","incorrect":2,"correct":28},{"word":"DROVER","pronunciation":"DROW vur","definition":"one who drives domestic animals","keys":"DRIVER DROVE OF","link":"A drover is a <u>driver</u> of a <u>drove of animals</u>.","_id":"551199af10138c0300665322","incorrect":0,"correct":7},{"word":"ABSCOND","pronunciation":"ab SKAHND","definition":"to run off","keys":"ABLE KAHN","link":"Not <u>able</u> to resist the forces of Genghis <u>Kahn</u>, the soldiers <u>ran off</u> in a retreat.","_id":"54ef49b8e05fe60300cff9f7","incorrect":1,"correct":19},{"word":"ACTUATE","pronunciation":"AK chuh wate","definition":"to put into action","keys":"ACT YOU ATE","link":"Okay men, <u>act</u> like <u>you ate</u> your Wheaties this morning and get <u>into action</u>!","_id":"54f090df47049403004053c6","incorrect":2,"correct":39}],"score":0.99,"created":"2015-03-04T05:13:16.803Z"},{"_id":"54f6971800ed35030063cf98","__v":0,"review":false,"reviewed":"2015-03-08T06:15:43.032Z","items":[{"word":"ENCOMIUM","pronunciation":"en KO me um","definition":"praise","keys":"INCOME","link":"George's vast <u>income</u> is the reason people <u>praise</u> him so much.","_id":"5506d63b180a0303000546dc","incorrect":0,"correct":7},{"word":"BOWDLERIZE","pronunciation":"BODE luh rize","definition":"to censor a literary work by cutting out parts considered objectionable","keys":"BOWED RISE","link":"The old preacher's back was <u>bowed</u> by his lifelong practice of making all the classics <u>rise</u> in moral value by <u>cutting out parts</u> he <u>considered objectionable</u>.","_id":"54fda314dab65b030066e3dc","incorrect":1,"correct":23},{"word":"TUMID","pronunciation":"TOO mid","definition":"swollen","keys":"TUMMY","link":"His <u>tummy</u> was grotesquely <u>swollen</u> after the huge meal.","_id":"5505bd9dab4afc03003b2343","incorrect":0,"correct":11},{"word":"TRUCULENT","pronunciation":"TRUCK yoo lunt","definition":"hostile","keys":"TRUCK YOU LENT","link":"The <u>truck you lent</u> me with the Harvard pennant get <u>hostile</u> stares here at Yale.","_id":"5502a997ff39a80300e40111","incorrect":0,"correct":13},{"word":"BICAMERAL","pronunciation":"by KAM uh rul","definition":"two-chambered (as a legislative body)","keys":"BUY CAMERA","link":"During the hottest period of the political scandal, Flash and I had to <u>buy</u> another <u>camera</u> so we could get pictures of the <u>two chambers</u> of the legislative simultaneously.","_id":"5506d4c2180a0303000546da","incorrect":1,"correct":7}],"score":1,"created":"2015-03-04T05:24:40.511Z"},{"_id":"54f88ac167d9e60300c7d98a","__v":1,"review":false,"reviewed":"2016-02-02T19:25:31.381Z","items":[{"word":"ADUMBRATION","pronunciation":"ad um BRAY shun","definition":"foreshadowing","keys":"A DUMB BRAT","link":"He seemed like such <u>a dumb brat</u> in elementary school that nothing <u>foreshadowed</u> his great achievements later.","_id":"54f17186e3e2830300d9b50d","incorrect":1,"correct":21},{"word":"ANATHEMA","pronunciation":"uh NATH uh muh","definition":"solemn curse","keys":"NASTY MA","link":"The <u>nasty</u> witch <u>Ma</u> Hatfield put a <u>solemn curse</u> on the boys for stealing apples from the tree.","_id":"54f47abf31a3130300aae87c","incorrect":2,"correct":16}],"score":0.93,"created":"2015-03-05T16:56:33.299Z"},{"_id":"54f947ac2c6fa00300b84e4c","__v":1,"review":false,"reviewed":"2016-02-02T18:47:06.650Z","items":[{"word":"DISTRAUGHT","pronunciation":"dis TRAWT","definition":"agitated","keys":"DISC WROUGHT","link":"When the flying <u>disc</u> landed, it <u>wrought</u> havoc on the village, causing all the folks to become <u>agitated</u>.","_id":"550189ce6c0c810300612e10","incorrect":1,"correct":13},{"word":"AFFECTATION","pronunciation":"af ek TAY shun","definition":"artificial mannerism","keys":"AFFECT THE NATION","link":"An insincere candidate tries to <u>affect the nation</u> in his favor with <u>artificial mannerisms</u>.","_id":"54f17186e3e2830300d9b50a","incorrect":1,"correct":21}],"score":0.94,"created":"2015-03-06T05:02:46.140Z"},{"_id":"54fba9498916820300a6f6c7","__v":1,"review":false,"reviewed":"2016-02-02T18:43:30.930Z","items":[{"word":"DISSIMULATE","pronunciation":"dis IM yah late","definition":"hide the truth","keys":"DISSIMILAR","link":"The facts are often <u>dissimilar</u> from his reports, as he tends to <u>hide the truth</u>.","_id":"550aa556b6491503006ab896","incorrect":2,"correct":7},{"word":"DECOROUS","pronunciation":"DEK uh rus","definition":"dignified","keys":"DECORATION","link":"The old general with his uniform covered by <u>decorations</u> cut quite a <u>dignified</u> figure.","_id":"55088b0045d7b30300c9142b","incorrect":2,"correct":12},{"word":"AFFINITY","pronunciation":"uh FIN ut ee","definition":"relationship","keys":"INFINITY","link":"Edward VII abdicated, giving up an <u>infinity</u> of power for his <u>relationship</u> with the woman he loved.","_id":"54f17186e3e2830300d9b509","incorrect":2,"correct":21}],"score":0.87,"created":"2015-03-08T01:33:48.175Z"},{"_id":"54fda508dab65b030066e3e1","__v":1,"review":false,"reviewed":"2016-02-02T18:59:08.194Z","items":[{"word":"ASSEVERATE","pronunciation":"uh SEV uh rate","definition":"to assert earnestly","keys":"ASS EVER RATE","link":"Senator Bluster said of the President, \"How did that <u>ass ever rate</u> to be Chief Executive?\" and <u>asserted earnestly</u> that he would unseat him in the coming election.","_id":"54f6946c00ed35030063cf93","incorrect":2,"correct":20},{"word":"CAPACIOUS","pronunciation":"kuh PAY shus","definition":"spacious","keys":"CAPACITY","link":"The seating <u>capacity</u> of the <u>spacious</u> dining hall was over a thousand.","_id":"5505bb39ab4afc03003b233e","incorrect":1,"correct":10}],"score":0.91,"created":"2015-03-09T13:11:42.937Z"},{"_id":"54fba6fe8916820300a6f6bb","__v":1,"review":false,"reviewed":"2016-02-02T19:01:07.505Z","items":[{"word":"PITTANCE","pronunciation":"PIT uns","definition":"a small amount","keys":"PIT ANTS","link":"When you dig a <u>pit</u> to trap <u>ants</u>, only a <u>small amount</u> of dirt needs to be displaced.","_id":"550020b2eac6aa0300a1581c","incorrect":1,"correct":14},{"word":"DECORUM","pronunciation":"deh KORE um","definition":"propriety","keys":"THE CORE","link":"After eating an apple, to throw <u>the core</u> across the dinner table at your brother, hardly exemplifies <u>propriety</u>.","_id":"55088b0045d7b30300c9142a","incorrect":1,"correct":13}],"score":0.93,"created":"2015-03-08T01:33:48.175Z"},{"_id":"54fba81a8916820300a6f6c1","__v":1,"review":false,"reviewed":"2016-02-02T18:51:48.204Z","items":[{"word":"PATHOLOGY","pronunciation":"puh THOL uh gee","definition":"medical abnormality","keys":"PATH LODGE","link":"The <u>path</u> to my mountain <u>lodge</u> is motorized to accommodate the <u>medical abnormality</u> I suffer from in my legs.","_id":"550aa790b6491503006ab8aa","incorrect":1,"correct":9},{"word":"BRAZEN","pronunciation":"BRAZE un","definition":"shameless","keys":"BE RACING","link":"Aunt Prudella says that for women to <u>be racing</u> in skimpy shorts is a <u>shameless</u> spectacle.","_id":"5506d788180a0303000546e6","incorrect":1,"correct":7}],"score":0.89,"created":"2015-03-08T01:33:48.175Z"},{"_id":"54feae99fe521f0300c8b7ac","__v":1,"review":false,"reviewed":"2016-02-02T18:42:32.547Z","items":[{"word":"PITHY","pronunciation":"PITH ee","definition":"concise","keys":"PIT","link":"Poe's short story, \"The <u>Pit</u> and the Pendulum,\" is a model of <u>concise</u> writing.","_id":"550020b2eac6aa0300a1581d","incorrect":1,"correct":12},{"word":"CONTINGENT","pronunciation":"kun TIN junt","definition":"1. A quota 2. dependent 3. accidental occurence","keys":"COUNT INGENUITY","link":"You must <u>count</u> on your <u>ingenuity</u> to make your sales <u>quota</u>, and not be <u>dependent</u> on <u>accidental occurrences</u>.","_id":"54feb073fe521f0300c8b7b3","incorrect":1,"correct":18}],"score":0.94,"created":"2015-03-10T08:33:31.631Z"},{"_id":"55001d53eac6aa0300a1580e","__v":1,"review":false,"reviewed":"2016-02-02T18:54:58.938Z","items":[{"word":"BANEFUL","pronunciation":"BANE ful","definition":"harmful","keys":"BAND FULL","link":"The <u>band full</u> of bagpipe players was <u>harmful</u> to the ears.","_id":"54f88ac167d9e60300c7d98c","incorrect":1,"correct":15}],"score":0.94,"created":"2015-03-11T10:21:49.826Z"},{"_id":"54fda6f6dab65b030066e3e7","__v":1,"review":false,"reviewed":"2016-02-02T19:10:45.219Z","items":[{"word":"ASPERITY","pronunciation":"uh SER ut ee","definition":"sharpness of temper","keys":"A SPIRIT TEE","link":"<u>A spirit</u> got <u>teed</u> off when the priest tried to exorcise it, as it was a <u>sharp-tempered</u> demon.","_id":"54f6946c00ed35030063cf97","incorrect":1,"correct":20}],"score":0.95,"created":"2015-03-09T13:11:42.937Z"},{"_id":"54feb073fe521f0300c8b7b2","__v":0,"review":false,"reviewed":"2015-03-24T16:13:01.439Z","items":[{"word":"ARDENT","pronunciation":"ARE dtn","definition":"enthusiastic","keys":"AIR DENT","link":"Grandpa jumped up in the <u>air</u> and <u>dented</u> the ceiling, he was so <u>enthusiastic</u> about his exercises.","_id":"54f5d3308a91e6030097f1be","incorrect":0,"correct":23},{"word":"EXHORT","pronunciation":"ig ZORT","definition":"to urge","keys":"EXERT","link":"His friends helped the runner <u>exert</u> himself to his limit by <u>urging</u> him on in the race.","_id":"5502ae20ff39a80300e40120","incorrect":1,"correct":12},{"word":"BEREAVE","pronunciation":"beh REEVE","definition":"deprive of something","keys":"BEER EVE","link":"We drank <u>beer</u> that <u>eve</u> at the wake to console ourselves for being <u>deprived</u> of the dear departed.","_id":"55001d53eac6aa0300a15813","incorrect":0,"correct":19},{"word":"CONTIGUOUS","pronunciation":"kun TIG yuh wus","definition":"adjoining","keys":"CAN'T IGNORE","link":"We <u>can't ignore</u> the blare of rap music from the <u>adjoining</u> apartment.","_id":"54feb073fe521f0300c8b7b4","incorrect":0,"correct":19},{"word":"VISCID","pronunciation":"VIS uh","definition":"sticky","keys":"VISIT SIDE","link":"We loved to <u>visit</u> Grandma, sit by her <u>side</u> and eat her delicious <u>sticky</u> preserves.","_id":"54fda508dab65b030066e3e3","incorrect":0,"correct":23}],"score":0.99,"created":"2015-03-10T08:33:31.631Z"},{"_id":"550020b2eac6aa0300a1581a","__v":0,"review":false,"reviewed":"2015-03-26T10:12:16.931Z","items":[{"word":"DISINTERESTED","pronunciation":"dis IN truh stid","definition":"unbiased","keys":"THIS INTERESTED","link":"In <u>this</u> country, we are <u>interested</u> in <u>unbiased</u> justice.","_id":"550aa556b6491503006ab899","incorrect":1,"correct":9},{"word":"ACCOLADE","pronunciation":"AK uh lade","definition":"award of merit","keys":"ACT LAID","link":"Because of the knight's heroic <u>act</u>, the king <u>laid</u> a bag of gold coins at his feet as an <u>award of merit</u>.","_id":"54f08ca547049403004053ba","incorrect":0,"correct":30},{"word":"BATE","pronunciation":"BATE","definition":"reduce","keys":"BAIT","link":"The super miracle fishing <u>bait</u> was so good, we feared it would substantially <u>reduce</u> the number of fish in the sea.","_id":"54f943ce2c6fa00300b84e43","incorrect":0,"correct":17},{"word":"AVERSE","pronunciation":"uh VERS","definition":"having repugnance toward","keys":"A VERSE","link":"<u>A verse</u> the cofeehouse poet recited so emphasized the hopelessness of life that even his sophomore audience <u>showed repugnance toward</u> it.","_id":"54f878b767d9e60300c7d981","incorrect":0,"correct":17},{"word":"CALUMNY","pronunciation":"KAL um nee","definition":"slander","keys":"CALLING","link":"I'm <u>calling</u> him a liar to his face, because what he said was <u>slander</u>.","_id":"54feb1b0fe521f0300c8b7bb","incorrect":0,"correct":22}],"score":0.99,"created":"2015-03-11T10:21:49.826Z"},{"_id":"55001f4deac6aa0300a15814","__v":1,"review":false,"reviewed":"2016-02-02T18:55:56.523Z","items":[{"word":"EXIGENT","pronunciation":"EX seh gent","definition":"urgent","keys":"EXIT GENT","link":"He made a quick <u>exit</u> to the <u>gent's</u> room because of an <u>urgent</u> need.","_id":"5502ae20ff39a80300e4011f","incorrect":1,"correct":12}],"score":0.92,"created":"2015-03-11T10:21:49.826Z"},{"_id":"54fda314dab65b030066e3db","__v":1,"review":false,"reviewed":"2016-02-02T19:07:49.785Z","items":[{"word":"ADVENTITIOUS","pronunciation":"ad vun TISH us","definition":"accidental","keys":"ADVENTUROUS","link":"In the <u>adventurous</u> sport of sky diving, you cannot afford a single <u>accident</u>.","_id":"54f17186e3e2830300d9b50c","incorrect":1,"correct":18}],"score":0.95,"created":"2015-03-09T13:11:42.937Z"},{"_id":"54feb1b0fe521f0300c8b7b8","__v":1,"review":false,"reviewed":"2016-02-02T18:49:36.026Z","items":[{"word":"AMITY","pronunciation":"AM ut ee","definition":"friendship","keys":"AIM TO TIE","link":"We should <u>aim to tie</u> the bonds of <u>friendship</u> between people.","_id":"54f35ea945d3a203005fca74","incorrect":2,"correct":31},{"word":"ENJOIN","pronunciation":"en JOIN","definition":"direct, prohibit","keys":"JOIN","link":"When two people are <u>joined</u> together by marriage, the pronouncement <u>directs</u> a <u>prohibitions</u> against any man rendering it asunder.","_id":"55105a76adcde30300590d5f","incorrect":1,"correct":8}],"score":0.93,"created":"2015-03-10T08:33:31.631Z"},{"_id":"55018c5c6c0c810300612e1a","__v":0,"review":false,"reviewed":"2015-03-26T14:41:16.434Z","items":[{"word":"BLASPHEMOUS","pronunciation":"BLAS fuh mus","definition":"irreverent","keys":"BLAST FAMOUS","link":"The editorial writer <u>blasted famous<u> people with his <u>irreverent</u> writing.","_id":"55018b0f6c0c810300612e18","incorrect":0,"correct":12},{"word":"ABYSMAL","pronunciation":"uh BIZ mul","definition":"bottomless","keys":"A BUSY MALL","link":"Entering <u>a busy mall</u> during the Christmas season is like falling into a <u>bottomless</u> pit.","_id":"54f08ca547049403004053bc","incorrect":0,"correct":33},{"word":"LAGGARD","pronunciation":"LAG urd","definition":"slow, falling behind","keys":"LEG GUARD","link":"He injured his <u>leg</u> during the National <u>Guard</u> parade and <u>fell behind</u> the others.","_id":"55119b1b10138c0300665329","incorrect":0,"correct":6},{"word":"ASCENDANCY","pronunciation":"uh SEN dun see","definition":"dominance","keys":"ASCENDED","link":"The energetic leader rapidly <u>ascended</u> into a position of <u>dominance</u> over his fellows.","_id":"54f5da158a91e6030097f1c2","incorrect":0,"correct":18},{"word":"BELEAGUER","pronunciation":"beh LEE gur","definition":"besiege","keys":"BIG LEAGUE","link":"The <u>big league</u> baseball star was <u>besieged</u> by fans when recognized on the streets.","_id":"54f945b02c6fa00300b84e47","incorrect":0,"correct":16}],"score":0.99,"created":"2015-03-12T12:33:17.613Z"},{"_id":"5502a997ff39a80300e40110","__v":2,"review":false,"reviewed":"2016-02-02T19:02:19.750Z","items":[{"word":"APPROBATION","pronunciation":"ap ruh BAY shun","definition":"praise","keys":"PROBABTION","link":"His <u>probabtion</u> officer <u>praised</u> the ex-convict for his good behavior.","_id":"54f5d18c8a91e6030097f1b8","incorrect":2,"correct":17}],"score":0.89,"created":"2015-03-13T08:33:54.594Z"},{"_id":"5505bb39ab4afc03003b2339","__v":1,"review":false,"reviewed":"2016-01-31T21:19:21.241Z","items":[{"word":"ACIDULOUS","pronunciation":"uh SIJ uh lus","definition":"sour, caustic","keys":"ACID YOU LOSE","link":"If you drink sulfuric <u>acid, you</u> will <u>lose</u> your life, as it's one of the most <u>caustic</u> of all substances.","_id":"54f08ea547049403004053bf","incorrect":1,"correct":28},{"word":"ODIOUS","pronunciation":"OHD ee us","definition":"repulsive","keys":"ODOR","link":"The <u>odor</u> emanating from the sewer was <u>repulsive</u>.","_id":"55105ba8adcde30300590d64","incorrect":0,"correct":9},{"word":"SUBSTANTIVE","pronunciation":"sub STAN tive","definition":"real","keys":"SUBSTANCES I'VE","link":"The <u>substances I've</u> built my \"dream\" house with are quite <u>real</u>.","_id":"5509f9e79cd1ef03000a2eb3","incorrect":0,"correct":12},{"word":"BOOTLESS","pronunciation":"BOOT lus","definition":"useless","keys":"\"BOOTLESS\"","link":"A \"<u>bootless</u>\" soldier is <u>useless</u> to the army when fighting is on rough terrain</u>.","_id":"54fda314dab65b030066e3dd","incorrect":0,"correct":24},{"word":"CONSUMMATE","pronunciation":"kun SUM ut","definition":"perfect","keys":"CAN SUMMIT","link":"You <u>can</u> reach the <u>summit</u> of the mountain only through <u>perfect</u> climbing technique.","_id":"54feb073fe521f0300c8b7b5","incorrect":0,"correct":22}],"score":0.99,"created":"2015-03-15T16:38:28.782Z"},{"_id":"5505bf14ab4afc03003b2345","__v":1,"review":false,"reviewed":"2016-01-31T21:16:18.306Z","items":[{"word":"CONSPICUOUS","pronunciation":"cun SPIK yoo us","definition":"very noticeable","keys":"CAN EXPECT YOU US","link":"We <u>can expect you</u> to see <u>us</u> clowns in the crowd, as our red hats and orange suits are <u>very noticeable</u>.","_id":"54feb073fe521f0300c8b7b6","incorrect":0,"correct":20},{"word":"VILIFY","pronunciation":"VIL uh fy","definition":"defame","keys":"VILLAIN FIE","link":"The <u>villain</u> said, \"<u>Fie</u> on Sherlock Holmes,\" in an attempt to <u>defame</u> the great detective.","_id":"54fda508dab65b030066e3e5","incorrect":0,"correct":23},{"word":"EFFRONTERY","pronunciation":"eh FRUNT uh ree","definition":"boldness","keys":"IN FRONT","link":"When the jester walked right <u>in front</u> of the king and stuck his tongue out, we were all shocked ny his <u>boldness</u>.","_id":"54fba9498916820300a6f6c9","incorrect":1,"correct":12},{"word":"NOXIOUS","pronunciation":"NOCK shus","definition":"harmful (especially of fumes)","keys":"KNOCK US","link":"Since one whiff of the fumes from that sewage ditch is enough to <u>knock us</u> out, it's got to be <u>harmful</u> to anyone living in the area.","_id":"5509fb549cd1ef03000a2eba","incorrect":0,"correct":11},{"word":"DECIDUOUS","pronunciation":"deh SIJ uh wus","definition":"shedding leaves annually","keys":"DECIDED TO USE","link":"The miser <u>decided to use</u> the beautiful trees, which <u>shed their colorful leaves</u> in the fall, for firewood.","_id":"5508870c45d7b30300c9141c","incorrect":0,"correct":16}],"score":0.99,"created":"2015-03-15T16:38:28.782Z"},{"_id":"5506d4c2180a0303000546d5","__v":1,"review":false,"reviewed":"2016-02-01T23:34:45.875Z","items":[{"word":"ASCETIC","pronunciation":"uh SET ik","definition":"practicing self-denial","keys":"ASSET","link":"He disposed of all his material <u>assets</u> as he began a life of <u>self-denial</u> in the monastery.","_id":"54f5da158a91e6030097f1c1","incorrect":1,"correct":17},{"word":"AUGER","pronunciation":"AW gur","definition":"a tool for boring wood","keys":"ARGUE EASIEST","link":"The carpenters <u>argued</u> over what was the <u>easiest</u> <u>tool</u> to use <u>for boring wood</u>.","_id":"54f69c5900ed35030063cfa2","incorrect":0,"correct":25},{"word":"ATHWART","pronunciation":"uh THWART","definition":"across, in opposition","keys":"A WART","link":"As Christopher walked through the desolate area, he suddenly saw a man with <u>a</u> large <u>wart</u> on his nose watching him from <u>across</u> the street.","_id":"54f6971800ed35030063cf9b","incorrect":0,"correct":26},{"word":"ATROPHY","pronunciation":"AT ruh fee","definition":"deterioration from disuse","keys":"A TROPHY","link":"I won <u>a trophy</u> in weightlifting in my youth, but now my muscles have undergone <u>deterioration from disuse</u>.","_id":"54f6971800ed35030063cf9a","incorrect":0,"correct":24},{"word":"JOCOSE","pronunciation":"joke OSE","definition":"playful","keys":"JOKE US","link":"Father always <u>joked</u> with <u>us</u> boys about our girlfriends when he was in a <u>playful</u> mood.","_id":"550888e645d7b30300c91423","incorrect":0,"correct":14}],"score":0.99,"created":"2015-03-16T12:56:48.118Z"},{"_id":"5508870c45d7b30300c9141a","__v":1,"review":true,"reviewed":"2016-02-02T18:47:41.745Z","items":[{"word":"DISTENT","pronunciation":"dis TEND","definition":"to swell","keys":"DESTINED","link":"When the fortune teller told him he was <u>destined</u> for greatness, it made his head <u>swell</u>.","_id":"550189ce6c0c810300612e12","incorrect":2,"correct":10},{"word":"BLITHE","pronunciation":"BLYTH","definition":"light hearted, merry","keys":"BEE LIFE","link":"The animated movie pictured a <u>bee's life</u> as a <u>merry</u> one as they showed it buzzing about the flowers.","_id":"55018b0f6c0c810300612e15","incorrect":1,"correct":9}],"score":0.86,"created":"2015-03-17T19:48:41.072Z"},{"_id":"550888e645d7b30300c91420","__v":1,"review":true,"reviewed":"2016-02-02T19:23:32.450Z","items":[{"word":"DEBILITATE","pronunciation":"deg BIL uh tate","definition":"to weaken","keys":"THE LITTLE HE ATE","link":"With <u>the little he ate</u> on that crash diet, it <u>weakened</u> him.","_id":"5508870c45d7b30300c9141e","incorrect":1,"correct":11},{"word":"APPOSITE","pronunciation":"AP uh zut","definition":"appropriate","keys":"APT SIGHT","link":"You are <u>apt</u> to <u>sight</u> whales off the New England coast as that is an <u>appropriate</u> place for them.","_id":"54f47efa31a3130300aae885","incorrect":2,"correct":34}],"score":0.94,"created":"2015-03-17T19:48:41.072Z"},{"_id":"55088b0045d7b30300c91426","__v":1,"review":true,"reviewed":"2016-02-02T19:13:24.207Z","items":[{"word":"DOUGHTY","pronunciation":"DAWT ee","definition":"brave","keys":"DOUGH TEE","link":"The boxing champion said, \"With the kind of <u>dough</u> they're paying me to <u>tee</u> off on opponents, it's easy to be <u>brave</u>.","_id":"55119c5610138c030066532e","incorrect":1,"correct":6}],"score":0.86,"created":"2015-03-17T19:48:41.072Z"},{"_id":"5509f86e9cd1ef03000a2eab","__v":1,"review":false,"reviewed":"2016-02-02T19:01:36.336Z","items":[{"word":"DIAPHANOUS","pronunciation":"dy AF uh nus","definition":"transparent","keys":"DIE PHANTOM US","link":"After the king <u>died</u>, his <u>phantom</u> appeared to <u>us</u>, a <u>transparent</u> spirit.","_id":"551058d5adcde30300590d51","incorrect":2,"correct":7}],"score":0.78,"created":"2015-03-18T22:07:12.792Z"},{"_id":"550aa556b6491503006ab895","__v":0,"review":false,"reviewed":"2015-03-26T14:43:40.635Z","items":[{"word":"NONPLUSSED","pronunciation":"nahn PLUSSED","definition":"baffled","keys":"NONE PLUS","link":"<u>None</u> of the college graduates could answer what two <u>plus</u> two was. The question <u>baffled</u> them.","_id":"5509fb549cd1ef03000a2ebc","incorrect":1,"correct":7},{"word":"APOTHEOSIS","pronunciation":"uh poth ee O sis","definition":"deification, perfect example","keys":"A PATH TO THE OASIS","link":"When the mysterious stranger showed the lost desert travelers <u>a path to the oasis</u>, their gratitude was so great they <u>deified</u> him and worshipped his memory as the <u>perfect example</u> of benevolence.","_id":"54f47efa31a3130300aae887","incorrect":0,"correct":38},{"word":"AGAPE","pronunciation":"uh GAPE","definition":"open mouthed in surprise","keys":"A GAP","link":"His mouth formed <u>a</u> wide <u>gap</u> as he stood <u>open mouthed in surprise</u>.","_id":"54f17303e3e2830300d9b513","incorrect":0,"correct":13},{"word":"APLOMB","pronunciation":"uh PLAHM","definition":"poise","keys":"PLUM","link":"The ballerina who dance the Sugar <u>Plum</u> Fairy showed supreme <u>poise</u>.","_id":"54f47d1831a3130300aae87f","incorrect":0,"correct":39},{"word":"DEVIOUS","pronunciation":"DEE vee us","definition":"roundabout","keys":"DIVVY US","link":"When it came time for him to <u>divvy us</u> crooks up our share of the booty, the boss hemmed and hawed in a <u>roundabout</u> manner.","_id":"551058d5adcde30300590d53","incorrect":0,"correct":8}],"score":1,"created":"2015-03-19T10:30:46.204Z"},{"_id":"550aa65eb6491503006ab8a1","__v":1,"review":false,"reviewed":"2016-02-02T19:22:11.650Z","items":[{"word":"PIQUE","pronunciation":"PEEK","definition":"to anger, resentment","keys":"PICK","link":"The way his older brothers <u>picked</u> on Ed deliberately <u>to anger</u> him, it's no wonder he showed <u>resentment</u> toward them in life.","_id":"550020b2eac6aa0300a1581e","incorrect":1,"correct":12}],"score":0.92,"created":"2015-03-19T10:30:46.204Z"},{"_id":"550aa790b6491503006ab8a7","__v":1,"review":false,"reviewed":"2016-02-02T18:56:40.015Z","items":[{"word":"EFFETE","pronunciation":"eh FEET","definition":"exhausted","keys":"FEET","link":"My <u>feet</u> were <u>exhasted</u> after finishing the marathon.","_id":"54fba9498916820300a6f6cc","incorrect":1,"correct":14},{"word":"BLANDISHMENT","pronunciation":"BLAN dish munt","definition":"flattery","keys":"BLAND DISH","link":"Although the beautiful brunette served the most <u>bland dish</u> Jake ever tasted, he flooded her with <u>flattery</u> on her cooking.","_id":"55018b0f6c0c810300612e19","incorrect":1,"correct":15},{"word":"EXCORIATE","pronunciation":"ek SKOHR ee ate","definition":"denounce strongly","keys":"EX SCORE RATE","link":"Under the <u>ex</u> coach, the team's <u>scores</u> were so poor they were <u>rated</u> last, and he was <u>denounced strongly</u> by the fans.","_id":"5502ae20ff39a80300e40121","incorrect":1,"correct":12}],"score":0.93,"created":"2015-03-19T10:30:46.204Z"},{"_id":"551058d5adcde30300590d4e","__v":0,"review":false,"reviewed":"2015-03-27T13:35:21.636Z","items":[{"word":"SINUOUS","pronunciation":"SIN yoo us","definition":"having many winding curves","keys":"SENSE TO USE","link":"He had too much <u>sense to use</u> the dangerously <u>winding</u> road.","_id":"55001f4deac6aa0300a15815","incorrect":3,"correct":13},{"word":"ARDUOUS","definition":"difficult","pronunciation":"AR joo us","keys":"HARD TO DO US","link":"It would be <u>hard to do us</u> justice for doing that incredibly <u>difficult</u> job.","_id":"54f5d3308a91e6030097f1bd","incorrect":0,"correct":23},{"word":"DEFRAY","pronunciation":"deh FRAY","definition":"to pay the costs of","keys":"THE FRAY","link":"The judge ordered the individuals responsible for <u>the fray</u> <u>to pay the costs of</u> the damage.","_id":"55088b0045d7b30300c91429","incorrect":0,"correct":11},{"word":"CONSIGN","pronunciation":"kun SINE","definition":"entrust for sale","keys":"CON SIGN","link":"The <u>con</u> artist persuaded me to <u>sign</u> over my car, <u>entrusting it for sale</u> by him.","_id":"54feb073fe521f0300c8b7b7","incorrect":3,"correct":18},{"word":"CANARD","pronunciation":"kuh NAHRD","definition":"false report, unfounded rumor","keys":"CAN HARD","link":"He <u>can</u> still work <u>hard</u>. The <u>rumor</u> that he's grown too old is <u>unfounded</u>.","_id":"54feb1b0fe521f0300c8b7ba","incorrect":1,"correct":17}],"score":0.95,"created":"2015-03-23T18:17:55.185Z"},{"_id":"55105ba8adcde30300590d60","__v":1,"review":false,"reviewed":"2016-02-02T18:48:22.480Z","items":[{"word":"CONTUMACIOUS","pronunciation":"KAHN too MAYSH us","definition":"stubbornly rebelious","keys":"COSTUME MADE US","link":"The silly elf <u>costumes</u> our teacher <u>made us</u> wear in the school play caused us to become <u>stubbornly rebellious</u> and refuse to enter the stage on cue.","_id":"5502ab55ff39a80300e40118","incorrect":1,"correct":13}],"score":0.93,"created":"2015-03-23T18:17:55.185Z"},{"_id":"551199af10138c0300665320","__v":1,"review":false,"reviewed":"2016-02-02T19:16:56.046Z","items":[{"word":"EFFLUVIUM","pronunciation":"eh FLOO vee um","definition":"a noxious vapor","keys":"HE FLEW VIA","link":"<u>He flew via</u> airline because he could not stand the <u>noxious vapors</u> on the highway.","_id":"54fba9498916820300a6f6ca","incorrect":1,"correct":15},{"word":"PIQUANT","pronunciation":"PEE kunt","definition":"pungent","keys":"PICKLES AIN'T","link":"These sweet <u>pickles ain't pungent</u> enough for my taste.","_id":"550020b2eac6aa0300a1581f","incorrect":2,"correct":13},{"word":"ADHERENT","pronunciation":"ah HIR unt","definition":"follower","keys":"AD HEAR IT","link":"Reverend Jone's TV <u>ad</u> is so persuasive that anyone who <u>hears it</u> will be a <u>follower</u>.","_id":"54f16ffae3e2830300d9b507","incorrect":1,"correct":14}],"score":0.91,"created":"2015-03-24T16:09:41.471Z"},{"_id":"55119b1b10138c0300665326","__v":1,"review":false,"reviewed":"2016-02-02T19:07:05.773Z","items":[{"word":"OBDURATE","pronunciation":"OB duh rit","definition":"unyielding","keys":"OBJECT DURATE","link":"Any <u>object</u> made of cast iron is <u>durable</u> and <u>unyielding</u>.","_id":"54fda6f6dab65b030066e3ec","incorrect":2,"correct":28}],"score":0.93,"created":"2015-03-24T16:09:41.471Z"},{"_id":"55119c5610138c030066532c","__v":0,"review":false,"reviewed":"2015-03-28T16:36:34.432Z","items":[{"word":"ENAMORED","pronunciation":"in AM ured","definition":"in loved","keys":"IN AN ARMORED","link":"Although the tycoon rode <u>in an armored</u> car, he was struck by Cupid's arrows and fell <u>in love<u>.","_id":"5506d63b180a0303000546dd","incorrect":0,"correct":7},{"word":"APERTURE","pronunciation":"AP ur chure","definition":"opening","keys":"APE TOUR","link":"The great <u>ape</u> took a <u>tour</u> of the city after escaping through an <u>opening</u> he made by bending the bars of his cage.","_id":"54f47d1831a3130300aae881","incorrect":0,"correct":33},{"word":"APOTHEGM","pronunciation":"AP uh them","definition":"pithy saying","keys":"APT THING","link":"Benjamin Franklin always found the <u>apt thing</u> to comment in the <u>pithy sayings</u> of <u>Poor Richard's Almanac</u>.","_id":"54f47efa31a3130300aae888","incorrect":1,"correct":37},{"word":"TUTELAGE","pronunciation":"TOOT el ej","definition":"guardianship","keys":"TUTOR","link":"Although Orphan Annie apparently never went to school, we may assume she was <u>tutored</u> by her <u>guardian</u>, Daddy Warbucks.","_id":"5505bd9dab4afc03003b2341","incorrect":1,"correct":11},{"word":"ATTENUATE","pronunciation":"uh TEN you ate","definition":"to make thinner","keys":"ATTEND YOU ATE","link":"If you <u>attended</u> to what <u>you ate</u> you could become <u>thinner</u>.","_id":"54f6971800ed35030063cf99","incorrect":1,"correct":18}],"score":0.95,"created":"2015-03-24T16:09:41.471Z"},{"_id":"5513e436a63b8a0300f895ff","__v":1,"review":false,"reviewed":"2016-02-02T18:43:03.514Z","items":[{"word":"RAMIFY","pronunciation":"RAM uh fy","definition":"to branch","keys":"RAM FIBER","link":"When the battleship <u>rammed</u> the <u>fiber</u>glass boat, cracks <u>branched</u> out in all directions from the point of impact.","_id":"5513e436a63b8a0300f89602","incorrect":1,"correct":7},{"word":"RAILLERY","pronunciation":"RAY luh ree","definition":"teasing","keys":"RAIL LEERY","link":"The way he <u>railed</u> over every little thing made them <u>leery</u> of <u>teasing</u> him.","_id":"5513e436a63b8a0300f89603","incorrect":1,"correct":7}],"score":0.88,"created":"2015-03-26T10:03:25.032Z"}]